url,title,meta_description,h1,template_type,in_nav,status
https://www.dolphinreef.co.il/privacypolicy,מדיניות פרטיות,"ריף הדולפינים באילת (ריף כפר הדולפינים בע""מ) מכבדת את פרטיותכם ומחויבת להגן על המידע האישי שאתם משתפים עמנו. מדיניות פרטיות זו מסבירה איזה מידע אנו אוספים באמצעות האתר שלנו, כיצד אנו עושים בו שימוש, ואילו זכויות עומדות לרשותכם ביחס למידע. המדיניות נכתבה בהתאם לחוק הגנת הפרטיות, התשמ""א-1981, ובמידה שהוא חל – בהתאם לתקנה הכללית להגנה על מידע של האיחוד האירופי (GDPR).

השימוש באתר מהווה הסכמה לנהלים המתוארים במדיניות זו. אם אינכם מסכימים למדיניות, אנא הימנעו משימוש באתר.",מדיניות פרטיות,legal,no,200
https://www.dolphinreef.co.il/dining-at-thereef/menu-bar,ריף הדולפינים תפריט בר חוף | Dolphin Reef Bar menu,,,menu,yes,200
https://www.dolphinreef.co.il/events,אירועים לקבוצות ובודדים בריף הדולפינים אילת,"אירועים בריף הדולפינים אילת: ימי כיף, אירועי חברה, אירועים פרטיים, הופעות ומסיבות – ביום ובערב. אפשר לבחור חוויה אחת או לשלב כמה מתוך המגוון הייחודי של הריף.",כל מה שרציתם ולא העזתם לחלום,content-gallery,yes,200
https://www.dolphinreef.co.il/dining-at-thereef,"לאכול בריף הדולפינים אילת – מסעדת חוף, קפה ומזנון","בריף הדולפינים שלושה מוקדי אוכל: בר סתלבט עם ארוחות לכל המשפחה, מזנון מהיר לגלידות ושתייה, וקפה סתלבט שבמתחם הבריכות. לא תצאו רעבים ולא יכאב לכם בכיס.",לאכול בריף,venue,yes,200
https://www.dolphinreef.co.il/accessibility-statement,הצהרת נגישות – ריף הדולפינים אילת,"הצהרת הנגישות של ריף הדולפינים אילת: רמת הנגישות באתר, התקנים שיושמו (WCAG 2.0 AA ות""י 5568), הסדרי הנגישות ודרכי הפנייה לרכז הנגישות.",הצהרת נגישות,legal,yes,200
https://www.dolphinreef.co.il/stalbet,בריכות סתלבט על המים בריף הדולפינים אילת,"בריכות סתלבט על המים בריף הדולפינים אילת – לצוף ולהירגע בבריכות בגן בוטני לחוף הים, בטיפול אישי או בכניסה עצמאית. מגיל 18. פרטים והזמנה באתר.",בריכות סתלבט על המים,experience,yes,200
https://www.dolphinreef.co.il/map,מפה להתמצאות בריף הדולפינים אילת,"מפה דינמית להתמצאות בריף הדולפינים אילת – אתרו את הבריכות, מועדון הצלילה, המסעדה, הקפה, חנות המזכרות ושאר נקודות העניין באתר לקראת הביקור.",מפת התמצאות בריף הדולפינים,map,yes,200
https://www.dolphinreef.co.il/,"ריף הדולפינים אילת – שחייה, צלילה ובריכות סתלבט","ריף הדולפינים באילת – אתר ייחודי על חוף ים סוף, לצפות בדולפינים בבית גידולם הטבעי, לשחות ולצלול לצידם, ולבלות בבריכות הסתלבט, במסעדת החוף ובאחד החופים היפים בישראל.",ריף הדולפינים - חלום של מציאות,home,yes,200
https://www.dolphinreef.co.il/experience-thereef,"ריף הדולפינים אילת – שעות פתיחה, מחירי כניסה ומידע למבקר","מתכננים ביקור בריף הדולפינים באילת? כל המידע למבקר – שעות פתיחה, מחירי כניסה, מה כלול, חניה ונגישות, צפייה בדולפינים, שחייה וצלילה ובילוי על החוף.",חוויית הביקור בריף,info-visit,yes,200
https://www.dolphinreef.co.il/our-vision,החזון שלנו – ריף הדולפינים אילת,"החזון של ריף הדולפינים אילת: לקרב בין האדם לטבע מתוך כבוד לסביבה הימית והיבשתית, לטפח עם הדולפינים קשר של כבוד הדדי וחופשי, ולהוביל מחקר ומדע בתחומם.",החזון שלנו,content,yes,200
https://www.dolphinreef.co.il/swimming,שחייה בריף הדולפינים | שנירקול בריף הדולפינים אילת,"שנירקול בריף הדולפינים אילת – לצוף מעל הריף בסביבה הטבעית של הדולפינים, מגיל 10, בקבוצות קטנות ובהדרכה צמודה. כ-25 דקות במים. פרטים והזמנה באתר.",שנירקול בריף הדולפינים,experience,yes,200
https://www.dolphinreef.co.il/accessibility,נגישות בריף הדולפינים אילת – הסדרי נגישות לאתר,"בריף הדולפינים אנו פועלים שכל המבקרים יוכלו ליהנות מהחוויה ללא אפליה, ולממש את זכותו של כל אדם לקחת חלק בביקור. כאן תמצאו את הסדרי הנגישות באתר.",הסדרי נגישות בריף הדולפינים,content,yes,200
https://www.dolphinreef.co.il/stalbetcoffe,קפה סתלבט בריף הדולפינים אילת – בית קפה ובר מול הים,"קפה סתלבט בריף הדולפינים אילת – בית קפה ובר במרפסת העליונה של מתחם הבריכות, מול מפרץ אילת והרי אדום. ארוחות קלות, שתייה, יין וקוקטלים. הכניסה מגיל 18.",קפה סתלבט,venue,yes,200
https://www.dolphinreef.co.il/shop,חנות המזכרות בריף הדולפינים אילת – מזכרות ומוצרים ייחודיים,"חנות המזכרות של ריף הדולפינים אילת – מזכרות, תכשיטים, מוצרי ים וחוף ומוצרים ייחודיים למקום, שישלימו את חוויית הביקור שלכם.",חנות המזכרות,content,yes,200
https://www.dolphinreef.co.il/supportive-experience,החוויה התומכת בריף הדולפינים אילת – תוכנית תמיכה וטיפול לילדים,"תוכנית ""החוויה התומכת"" מלווה ילדים ובני נוער (6–16) המתמודדים עם אתגרים רגשיים, התפתחותיים ותפקודיים, בחוויה טיפולית ייחודית בסביבת הדולפינים שבריף. פועלת משנת 1991.",חוויה תומכת,content,yes,200
https://www.dolphinreef.co.il/dining-at-thereef/menu-stalbet,ריף הדולפינים תפריט בר סתלבט | Dolphin Reef Bar Stalbet menu,,,menu,no,200
https://www.dolphinreef.co.il/diving,צלילת היכרות בריף הדולפינים אילת,"צלילת היכרות בריף הדולפינים אילת – חוויה תת-ימית בסביבה הטבעית של הדולפינים, מגיל 8 וללא ניסיון קודם, בהדרכה אישית צמודה. כ-25 דקות במים. פרטים והזמנה באתר.",צלילת היכרות בריף הדולפינים,experience,yes,200
https://www.dolphinreef.co.il/en,,,,en-locale (exists on live site; not crawled - Hebrew-only scope),no,
https://www.dolphinreef.co.il/en/accessibility,,,,en-locale (exists on live site; not crawled - Hebrew-only scope),no,
https://www.dolphinreef.co.il/en/accessibility-statement,,,,en-locale (exists on live site; not crawled - Hebrew-only scope),no,
https://www.dolphinreef.co.il/en/dining-at-thereef,,,,en-locale (exists on live site; not crawled - Hebrew-only scope),no,
https://www.dolphinreef.co.il/en/dining-at-thereef/menu-bar,,,,en-locale (exists on live site; not crawled - Hebrew-only scope),no,
https://www.dolphinreef.co.il/en/dining-at-thereef/stalbet-bar-menu,,,,en-locale (exists on live site; not crawled - Hebrew-only scope),no,
https://www.dolphinreef.co.il/en/diving,,,,en-locale (exists on live site; not crawled - Hebrew-only scope),no,
https://www.dolphinreef.co.il/en/events,,,,en-locale (exists on live site; not crawled - Hebrew-only scope),no,
https://www.dolphinreef.co.il/en/experience-thereef,,,,en-locale (exists on live site; not crawled - Hebrew-only scope),no,
https://www.dolphinreef.co.il/en/map,,,,en-locale (exists on live site; not crawled - Hebrew-only scope),no,
https://www.dolphinreef.co.il/en/our-vision,,,,en-locale (exists on live site; not crawled - Hebrew-only scope),no,
https://www.dolphinreef.co.il/en/privacypolicy,,,,en-locale (exists on live site; not crawled - Hebrew-only scope),no,
https://www.dolphinreef.co.il/en/shop,,,,en-locale (exists on live site; not crawled - Hebrew-only scope),no,
https://www.dolphinreef.co.il/en/stalbet,,,,en-locale (exists on live site; not crawled - Hebrew-only scope),no,
https://www.dolphinreef.co.il/en/stalbetcoffe,,,,en-locale (exists on live site; not crawled - Hebrew-only scope),no,
https://www.dolphinreef.co.il/en/supportive-experience,,,,en-locale (exists on live site; not crawled - Hebrew-only scope),no,
https://www.dolphinreef.co.il/en/swimming,,,,en-locale (exists on live site; not crawled - Hebrew-only scope),no,
